day,date,class,difficulty,asset,title,symbol,start,end,expect
1,2026-10-14,stock,1,GameStop,GameStop (2021 squeeze),GME,2020-12-01,2021-03-31,"{""rise"": 15}"
2,2026-10-15,crypto,1,Terra (LUNA),Terra (LUNA),LUNC-USD,2021-12-01,2022-05-31,"{""dd"": 0.99}"
3,2026-10-16,commodity,1,WTI crude oil,WTI crude oil (April 2020),CL=F,2020-01-01,2020-06-30,"{""neg"": true}"
4,2026-10-17,crypto,1,Dogecoin (DOGE),Dogecoin (DOGE),DOGE-USD,2020-12-01,2021-07-31,"{""rise"": 20}"
5,2026-10-18,index,1,S&P 500,S&P 500 (COVID crash),^GSPC,2020-01-01,2020-08-31,"{""dd"": 0.3}"
6,2026-10-19,stock,1,Tesla,Tesla,TSLA,2019-06-01,2021-01-31,"{""rise"": 15}"
7,2026-10-20,crypto,1,FTX Token (FTT),FTX Token (FTT),FTT-USD,2022-09-01,2022-12-31,"{""dd"": 0.9}"
8,2026-10-21,stock,2,AIG,AIG (2008),AIG,2007-06-01,2009-03-31,"{""dd"": 0.95}"
9,2026-10-22,stock,3,Adani Enterprises,Adani Enterprises,ADANIENT.NS,2022-09-01,2023-03-31,"{""dd"": 0.6}"
10,2026-10-23,stock,2,Amazon,Amazon (dot-com crash),AMZN,1999-01-01,2001-12-31,"{""dd"": 0.9}"
11,2026-10-24,currency,3,USD/ARS,USD/ARS (Argentine peso 2023),USDARS=X,2023-10-01,2024-02-29,"{""rise"": 2}"
12,2026-10-25,stock,3,BlackBerry,BlackBerry (meme spike),BB,2021-01-01,2021-02-28,"{""rise"": 2.5}"
13,2026-10-26,crypto,1,Bitcoin,Bitcoin (2017 bubble),BTC-USD,2017-01-01,2018-12-31,"{""rise"": 15, ""dd"": 0.8}"
14,2026-10-27,stock,2,Alibaba,Alibaba (crackdown),BABA,2020-10-01,2022-10-31,"{""dd"": 0.75}"
15,2026-10-28,etf,2,ARK Innovation ETF,ARK Innovation ETF,ARKK,2020-03-01,2022-12-31,"{""rise"": 3.5, ""dd"": 0.75}"
16,2026-10-29,stock,3,Allbirds,Allbirds (IPO),BIRD,2021-11-03,2023-12-31,"{""dd"": 0.9}"
17,2026-10-30,crypto,2,Axie Infinity (AXS),Axie Infinity (AXS),AXS-USD,2021-03-01,2022-06-30,"{""rise"": 30, ""dd"": 0.9}"
18,2026-10-31,stock,3,Citigroup,Citigroup (2008),C,2007-01-01,2009-03-31,"{""dd"": 0.95}"
19,2026-11-01,index,3,VIX,VIX (Volmageddon),^VIX,2018-01-01,2018-03-31,"{""rise"": 3}"
20,2026-11-02,stock,1,AMC Entertainment,AMC Entertainment,AMC,2021-05-01,2021-06-30,"{""rise"": 5}"
21,2026-11-03,crypto,2,Ethereum,Ethereum (2018 crash),ETH-USD,2017-11-09,2018-12-31,"{""rise"": 3.5, ""dd"": 0.9}"
22,2026-11-04,stock,2,Beyond Meat,Beyond Meat (IPO),BYND,2019-05-02,2019-10-31,"{""rise"": 3}"
23,2026-11-05,commodity,3,Orange juice,Orange juice (2024),OJ=F,2022-01-01,2024-12-31,"{""rise"": 3}"
24,2026-11-06,stock,2,Coinbase,Coinbase (listing),COIN,2021-04-14,2022-12-31,"{""dd"": 0.85}"
25,2026-11-07,crypto,3,Cardano (ADA),Cardano (ADA),ADA-USD,2017-11-09,2018-12-31,"{""rise"": 20, ""dd"": 0.9}"
26,2026-11-08,stock,3,Circle,Circle (IPO),CRCL,2025-06-05,2025-09-30,"{""rise"": 2.5}"
27,2026-11-09,crypto,1,Official Trump (TRUMP),Official Trump (TRUMP),TRUMP35336-USD,2025-01-17,2025-04-30,"{""dd"": 0.75}"
28,2026-11-10,stock,2,Cisco,Cisco (dot-com),CSCO,1998-01-01,2002-10-31,"{""rise"": 4, ""dd"": 0.85}"
29,2026-11-11,currency,2,EUR/CHF,EUR/CHF (Swiss franc unpeg),EURCHF=X,2014-11-01,2015-03-31,"{""cliff"": 0.1}"
30,2026-11-12,stock,3,CoreWeave,CoreWeave (IPO),CRWV,2025-03-28,2025-08-31,"{""rise"": 3.5}"
31,2026-11-13,crypto,2,Bitcoin,Bitcoin (2021 double top),BTC-USD,2020-10-01,2022-12-31,"{""rise"": 5, ""dd"": 0.75}"
32,2026-11-14,stock,3,Carvana,Carvana,CVNA,2021-08-01,2024-12-31,"{""dd"": 0.95, ""rise"": 30}"
33,2026-11-15,index,2,Nikkei 225,Nikkei 225 (1989 bubble),^N225,1985-01-01,1992-12-31,"{""rise"": 2.5, ""dd"": 0.55}"
34,2026-11-16,stock,1,Nvidia,Nvidia,NVDA,2022-10-01,2024-06-30,"{""rise"": 9}"
35,2026-11-17,crypto,2,Pepe (PEPE),Pepe (PEPE),PEPE24478-USD,2023-04-17,2023-07-31,"{""rise"": 10}"
36,2026-11-18,stock,2,Trump Media & Technology (DJT),Trump Media & Technology (DJT),DJT,2024-03-26,2024-10-31,"{""dd"": 0.7}"
37,2026-11-19,commodity,3,Silver,Silver (2011),SI=F,2010-07-01,2011-12-31,"{""rise"": 2.5}"
38,2026-11-20,stock,2,Facebook,Facebook (IPO),META,2012-05-18,2012-12-31,"{""dd"": 0.45}"
39,2026-11-21,crypto,3,Avalanche (AVAX),Avalanche (AVAX),AVAX-USD,2021-07-01,2022-06-30,"{""rise"": 7, ""dd"": 0.8}"
40,2026-11-22,stock,3,Fannie Mae,Fannie Mae (2008),FNMA,2008-01-01,2008-12-31,"{""dd"": 0.95}"
41,2026-11-23,crypto,2,Shiba Inu (SHIB),Shiba Inu (SHIB),SHIB-USD,2021-04-01,2021-12-31,"{""rise"": 20}"
42,2026-11-24,stock,2,GameStop,GameStop (Roaring Kitty return),GME,2024-04-15,2024-06-30,"{""rise"": 2.5}"
43,2026-11-25,index,2,Shanghai Composite,Shanghai Composite (2015 bubble),000001.SS,2014-07-01,2016-02-29,"{""rise"": 2.2, ""dd"": 0.45}"
44,2026-11-26,stock,3,GoPro,GoPro (IPO),GPRO,2014-06-26,2016-12-31,"{""dd"": 0.85}"
45,2026-11-27,crypto,2,Solana (SOL),Solana (SOL),SOL-USD,2020-10-01,2022-12-31,"{""rise"": 50, ""dd"": 0.9}"
46,2026-11-28,stock,3,Lyft,Lyft (IPO),LYFT,2019-03-29,2022-12-31,"{""dd"": 0.85}"
47,2026-11-29,currency,2,GBP/USD,GBP/USD (Brexit vote),GBPUSD=X,2016-05-01,2016-10-31,"{""cliff"": 0.06}"
48,2026-11-30,stock,1,Zoom,Zoom,ZM,2019-12-01,2022-12-31,"{""rise"": 6, ""dd"": 0.8}"
49,2026-12-01,crypto,2,Squid Game token (SQUID),Squid Game token (SQUID),SQUID-USD,2021-10-20,2021-11-10,"{""dd"": 0.95}"
50,2026-12-02,stock,2,Robinhood,Robinhood (IPO),HOOD,2021-07-29,2022-06-30,"{""dd"": 0.85}"
51,2026-12-03,commodity,2,Cocoa,Cocoa (2024),CC=F,2023-01-01,2024-12-31,"{""rise"": 4}"
52,2026-12-04,stock,2,Kodak,Kodak (2020),KODK,2020-07-01,2020-08-31,"{""rise"": 10}"
53,2026-12-05,crypto,3,BNB,BNB,BNB-USD,2021-01-01,2021-06-30,"{""rise"": 12}"
54,2026-12-06,stock,3,Novavax,Novavax,NVAX,2020-01-01,2021-03-31,"{""rise"": 40}"
55,2026-12-07,crypto,2,TerraUSD (UST),TerraUSD (UST),USTC-USD,2022-04-15,2022-06-15,"{""dd"": 0.8}"
56,2026-12-08,stock,2,Luckin Coffee,Luckin Coffee,LKNCY,2020-01-01,2020-07-31,"{""dd"": 0.85}"
57,2026-12-09,index,2,Nikkei 225,Nikkei 225 (August 2024 crash),^N225,2024-07-01,2024-08-31,"{""cliff"": 0.1}"
58,2026-12-10,stock,3,Nvidia,Nvidia (DeepSeek day),NVDA,2025-01-01,2025-02-28,"{""cliff"": 0.15}"
59,2026-12-11,crypto,2,dogwifhat (WIF),dogwifhat (WIF),WIF-USD,2023-12-01,2024-12-31,"{""rise"": 15}"
60,2026-12-12,stock,3,Opendoor,Opendoor (2025),OPEN,2025-06-01,2025-09-30,"{""rise"": 5}"
61,2026-12-13,commodity,2,Lumber,Lumber (2021),LBS=F,2020-04-01,2021-08-31,"{""rise"": 4, ""dd"": 0.55}"
62,2026-12-14,stock,2,Moderna,Moderna,MRNA,2020-01-01,2021-09-30,"{""rise"": 20}"
63,2026-12-15,crypto,2,XRP,XRP (2018 peak),XRP-USD,2017-11-09,2018-06-30,"{""rise"": 10}"
64,2026-12-16,stock,2,MicroStrategy,MicroStrategy (Strategy),MSTR,2024-01-01,2024-11-30,"{""rise"": 6}"
65,2026-12-17,etf,3,SVXY,SVXY ('Volmageddon'),SVXY,2018-01-01,2018-03-31,"{""dd"": 0.8}"
66,2026-12-18,stock,2,Netflix,Netflix (Qwikster),NFLX,2011-06-01,2012-06-30,"{""dd"": 0.75}"
67,2026-12-19,crypto,3,Bonk (BONK),Bonk (BONK),BONK-USD,2022-12-29,2023-02-28,"{""rise"": 3, ""dd"": 0.7}"
68,2026-12-20,stock,3,Oatly,Oatly (IPO),OTLY,2021-05-20,2023-12-31,"{""dd"": 0.9}"
69,2026-12-21,index,1,S&P 500,S&P 500 (2008 crisis),^GSPC,2007-06-01,2009-12-31,"{""dd"": 0.5}"
70,2026-12-22,stock,2,NIO,NIO (2020),NIO,2020-03-01,2021-02-28,"{""rise"": 20}"
71,2026-12-23,crypto,3,Chiliz (CHZ),Chiliz (CHZ),CHZ-USD,2021-01-01,2021-04-30,"{""rise"": 20}"
72,2026-12-24,stock,3,Plug Power,Plug Power,PLUG,2020-01-01,2023-12-31,"{""rise"": 15, ""dd"": 0.9}"
73,2026-12-25,currency,2,USD/RUB,USD/RUB (Russian ruble 2022),USDRUB=X,2022-01-01,2022-07-31,"{""rise"": 1.6}"
74,2026-12-26,stock,3,Qualcomm,Qualcomm (1999),QCOM,1999-01-01,2000-12-31,"{""rise"": 15}"
75,2026-12-27,crypto,3,Fantom (FTM),Fantom (FTM),FTM-USD,2021-01-01,2021-10-31,"{""rise"": 50}"
76,2026-12-28,stock,2,Palantir,Palantir,PLTR,2023-01-01,2025-02-28,"{""rise"": 12}"
77,2026-12-29,crypto,3,Gala Games (GALA),Gala Games (GALA),GALA-USD,2021-07-01,2022-06-30,"{""rise"": 20, ""dd"": 0.9}"
78,2026-12-30,stock,2,Peloton,Peloton,PTON,2020-03-01,2022-12-31,"{""rise"": 6, ""dd"": 0.9}"
79,2026-12-31,commodity,2,WTI crude oil,WTI crude oil (2008 spike),CL=F,2007-06-01,2009-03-31,"{""rise"": 2, ""dd"": 0.7}"
80,2027-01-01,stock,2,Rivian,Rivian (IPO),RIVN,2021-11-10,2022-12-31,"{""dd"": 0.85}"
81,2027-01-02,crypto,3,Internet Computer (ICP),Internet Computer (ICP),ICP-USD,2021-05-10,2021-06-30,"{""dd"": 0.8}"
82,2027-01-03,stock,3,Riot Blockchain,Riot Blockchain (2017),RIOT,2017-09-01,2018-06-30,"{""rise"": 4}"
83,2027-01-04,index,1,Nasdaq Composite,Nasdaq Composite (dot-com),^IXIC,1995-01-01,2002-12-31,"{""rise"": 5, ""dd"": 0.75}"
84,2027-01-05,stock,2,Snap,Snap (IPO),SNAP,2017-03-02,2018-12-31,"{""dd"": 0.75}"
85,2027-01-06,crypto,3,Litecoin (LTC),Litecoin (LTC),LTC-USD,2017-11-09,2018-12-31,"{""rise"": 4, ""dd"": 0.9}"
86,2027-01-07,stock,3,Deliveroo,Deliveroo (IPO),ROO.L,2021-03-31,2022-12-31,"{""dd"": 0.7}"
87,2027-01-08,crypto,3,Decentraland (MANA),Decentraland (MANA),MANA-USD,2021-10-01,2022-06-30,"{""rise"": 4, ""dd"": 0.8}"
88,2027-01-09,stock,3,Cassava Sciences,Cassava Sciences,SAVA,2020-01-01,2021-12-31,"{""rise"": 40}"
89,2027-01-10,currency,2,USD/TRY,USD/TRY (Turkish lira 2021),USDTRY=X,2021-09-01,2022-01-31,"{""rise"": 1.6}"
90,2027-01-11,stock,2,Virgin Galactic,Virgin Galactic,SPCE,2019-10-28,2023-12-31,"{""dd"": 0.95}"
91,2027-01-12,crypto,3,Polygon (MATIC),Polygon (MATIC),MATIC-USD,2021-01-01,2021-06-30,"{""rise"": 50}"
92,2027-01-13,stock,2,Tilray,Tilray (IPO),TLRY,2018-07-19,2019-03-31,"{""rise"": 5}"
93,2027-01-14,commodity,2,European natural gas (TTF),European natural gas (TTF),TTF=F,2021-06-01,2022-12-31,"{""rise"": 8}"
94,2027-01-15,stock,2,Volkswagen,Volkswagen (2008 squeeze),VOW.DE,2008-09-01,2008-12-31,"{""rise"": 3}"
95,2027-01-16,crypto,3,The Sandbox (SAND),The Sandbox (SAND),SAND-USD,2021-09-01,2022-06-30,"{""rise"": 6, ""dd"": 0.8}"
96,2027-01-17,stock,3,Super Micro Computer,Super Micro Computer,SMCI,2023-01-01,2024-11-30,"{""rise"": 10, ""dd"": 0.8}"
97,2027-01-18,index,2,VIX,VIX (March 2020),^VIX,2020-01-01,2020-06-30,"{""rise"": 5}"
98,2027-01-19,stock,3,Snowflake,Snowflake (IPO),SNOW,2020-09-16,2022-06-30,"{""dd"": 0.65}"
99,2027-01-20,crypto,3,XRP,XRP (SEC lawsuit),XRP-USD,2020-11-01,2021-01-31,"{""dd"": 0.6}"
100,2027-01-21,stock,3,TAL Education,TAL Education,TAL,2021-01-01,2021-12-31,"{""dd"": 0.9}"
